name,email,country,price,qty,total,order_date,status,channel
George Wilson,george.wilson@example.org,India,USD 222.97,5,1114.85,2025-05-03,cancelled,app
Farah Smith,farah.smith@example.org,India,USD 54.83,2,109.66,2025-05-02,pending,web
Hana Lee,hana.lee@example.com,  CANADA,USD 35.06,9,315.54,2025-03-24,pending,store
Isaac Brown,isaac.brown@example.com,New Zealand,USD 72.41,7,506.87,2025-03-28,cancelled,app
Emma Walker,emma.walker@example.org,,USD 398.71,3,1196.13,2025-03-14,refunded,web
Sofia Taylor,sofia.taylor@example.net,United Kingdom,USD 268.49,2,536.98,2025-01-23,refunded,store
Ravi Silva,ravi.silva@example.net,United Kingdom,USD 214.77,5,1073.85,2025-01-18,pending,app
Isaac Brown,isaac.brown@example.com,New Zealand,USD 255.53,2,,2025-02-12,completed,web
Isaac Silva,isaac.silva@example.net,India,USD 151.59,2,303.18,2025-04-06,refunded,store
Sofia Taylor,sofia.taylor@example.net,United Kingdom,USD 291.08,9,2619.72,2025-06-11,refunded,app
Sofia Taylor,sofia.taylor@example.net,United Kingdom,USD 215.12,10,2151.20,2025/03/02,refunded,web
Lena Wilson,lena.wilson@example.org,Singapore,USD 461.89,10,4618.90,2025-06-04,cancelled,store
Daniel Lee, Daniel.Lee@EXAMPLE.COM ,India,USD 192.21,3,576.63,2025-04-20,completed,app
Alice Rossi,alice.rossi@example.org,United Kingdom,USD 273.85,9,2464.65,2025-02-07,completed,web
George Rossi,george.rossi@example.org,Singapore,USD 87.42,8,699.36,2025-02-20,completed,store
Priya Khan,priya.khan@example.com,Canada,USD 140.56,7,983.92,2025-04-27,cancelled,app
,george.wilson@example.org,India,USD 391.32,7,2739.24,2025-06-30,completed,web
Isaac Smith,isaac.smith@example.com,United States,USD 392.95,4,1571.80,2025-02-30,refunded,store
Marco Wilson,marco.wilson@example.org,Germany,USD 370.24,8,2961.92,2025-05-17,pending,app
Emma Taylor,emma.taylor@example.net,India,USD 261.19,5,1305.95,2025-05-07,cancelled,web
Nina Patel,nina.patel@example.com,United Kingdom,USD 339.44,7,2376.08,2025-03-04,cancelled,store
Emma Khan,,Canada,USD 356.90,3,1070.70,2025-05-24,pending,app
Alice Rossi,alice.rossi@example.org,United Kingdom,USD 216.25,10,2162.50,2025-06-23,refunded,web
Isaac Silva,isaac.silva@example.net,India,USD 402.23,9,3620.07,2025-04-25,completed,store
Alice Khan,alice.khan@example.org,Canada,USD 223.30,2,446.60,2025-05-30,completed,app
Chloe Taylor,chloe.taylor@example.net,Singapore,USD 305.93,10,3059.30,2025-04-03,cancelled,web
Priya Khan,priya.khan@example.com,Canada,USD 203.34,2,406.68,2025-04-07,cancelled,store
Sofia Khan,sofia.khan@example.net,New Zealand,USD 247.08,6,1482.48,2025-01-31,completed,app
Quinn Taylor,quinn.taylor@example.net,United Kingdom,USD 110.27,10,1102.70,2025-03-07,refunded,web
Marco Taylor,marco.taylor@example.net,Australia,USD 409.45,6,2456.70,2025-05-13,refunded,store
Isaac Patel,isaac.patel@example.org,Singapore,USD 194.00,8,1552.00,2025-06-16,cancelled,app
Chloe Patel,chloe.patel@example.com,Australia,USD 154.20,4,616.80,2025-05-17,pending,web
Chloe Taylor,chloe.taylor@example.net,Singapore,USD 180.01,4,720.04,2025/03/25,pending,store
Isaac Patel,isaac.patel@example.org,Singapore,USD 384.59,10,3845.90,2025-03-26,cancelled,app
Daniel Lee,daniel.lee@example.com,India,USD 387.31,3,1161.93,2025-04-04,refunded,web
Oscar Khan,oscar.khan@example.org,India,USD 245.94,,491.88,2025-02-05,completed,store
Jade Patel,jade.patel@example.net,New Zealand,USD 170.53,8,1364.24,2025-05-13,pending,app
Priya Khan,priya.khan@example.com,Canada,USD 95.16,3,285.48,2025-06-16,refunded,web
,hana.martin@example.com,United Kingdom,USD 125.53,4,502.12,2025-02-21,pending,store
Isaac Patel,isaac.patel@example.org,Singapore,USD 250.72,1,250.72,2025-05-21,PENDING,app
Oscar Wilson,oscar.wilson@example.com,New Zealand,USD 154.34,7,1080.38,2025-13-05,pending,web
Chloe Patel,chloe.patel@example.com,Australia,USD 183.28,3,549.84,2025-01-17,cancelled,store
Farah Smith,farah.smith@example.org,India,USD 363.68,3,1091.04,2025-05-09,cancelled,app
Jade Chen,jade.chen@example.com,Singapore,USD 191.20,9,1720.80,,refunded,web
Sofia Taylor,sofia.taylor@example.net,United Kingdom,USD 291.08,9,2619.72,2025-06-11,refunded,app
Ravi Nguyen,ravi.nguyen@example.net,Singapore,USD 157.38,2,314.76,2025-04-02,pending,store
Emma Walker,emma.walker@example.org,Canada,USD 428.35,1,428.35,2025-05-05,completed,app
Hana Lee,hana.lee@example.com,Canada,USD 450.95,7,3156.65,2025-01-03,refunded,web
Ravi Nguyen,ravi.nguyen@example.net,Singapore,USD 106.64,10,1066.40,22/02/2025,refunded,store
Farah Silva,farah.silva@example.com,Australia,USD 457.42,10,4574.20,16/03/2025,refunded,app
Oscar Khan,,India,USD 385.62,5,1928.10,2025-02-20,refunded,web
Tom Singh,tom.singh@example.org,Germany,USD 144.12,3,432.36,2025-02-25,pending,store
Oscar Taylor,oscar.taylor@example.net,Singapore,USD 30.65,5,153.25,2025-02-09,cancelled,app
George Martin,george.martin@example.net,New Zealand,USD 168.20,8,1345.60,2025-06-02,cancelled,web
Lena Wilson,lena.wilson@example.org,Singapore,USD 260.41,4,1041.64,2025-02-21,pending,store
Daniel Silva,daniel.silva@example.org,Canada,USD 42.45,1,42.45,2025-05-27,refunded,app
Chloe Walker,chloe.walker@example.net,Singapore,USD 225.83,8,1806.64,2025-03-14,cancelled,web
Alice Rossi,alice.rossi@example.org,United Kingdom,USD 364.83,8,2918.64,2025-05-01,refunded,store
Sofia Khan,sofia.khan@example.net,New Zealand,USD 158.40,7,1108.80,"June 27, 2025",pending,app
Marco Smith,marco.smith@example.org,India,USD 54.45,7,381.15,2025-03-14,completed,web
Nina Patel,nina.patel@example.com,United Kingdom,USD 258.31,5,1291.55,2025-03-26,pending,store
Kai Khan,kai.khan@example.com ,India,USD 234.29,10,2342.90,2025-04-03,pending,app
Marco Smith,marco.smith@example.org,India,USD 133.84,9,1204.56,2025-06-24,pending,web
Hana Khan,@example.com,United Kingdom,USD 38.62,1,38.62,2025-04-05,pending,store
Quinn Taylor,quinn.taylor@example.net,United Kingdom,USD 451.17,6,2707.02,2025-04-22,cancelled,app
Marco Wilson,marco.wilson@example.org,Germany,USD 208.75,7,1461.25,2025-02-28,completed,web
Priya Khan,priya.khan@example.com,Canada,USD 497.03,7,3479.21,2025-02-26,cancelled,store
Alice Khan,alice.khan@example.org,Canada,USD 241.82,1,241.82,2025-06-08,refunded,app
Ben Lee,ben.lee@example.com,United States,USD 76.42,10,764.20,2025-05-29,refunded,web
Chloe Wilson,chloe.wilson@example.org,New Zealand,USD 89.11,10,891.10,2025-03-10,cancelled,store
Jade Chen,jade.chen@example.com,Singapore,USD 63.16,9,568.44,2025-01-11,refunded,app
George Martin,george.martin@example.net,New Zealand,USD 287.56,1,287.56,2025-06-15,pending,web
Chloe Patel,chloe.patel@example.com,Australia,USD 278.06,5,1390.30,2025-03-30,refunded,store
Kai Smith,kai.smith@example.net,United Kingdom,USD 435.79,6,2624.74,2025-01-12,pending,app
Emma Khan,emma.khan@example.net,Canada,USD 374.28,9,3368.52,2025-05-19,completed,web
Lena Wilson,lena.wilson@example.org,Singapore,USD 121.78,5,608.90,2025-05-17,cancelled,store
Ravi Nguyen,ravi.nguyen@example.net,Singapore,USD 82.38,-3,494.28,2025-03-24,pending,app
Kai Lee,kai.lee@example.org,Germany,USD 127.68,9,1149.12,2025-01-18,pending,web
Chloe Smith,chloe.smith@example.org,India,USD 70.56,3,211.68,2025-01-09,refunded,store
Oscar Khan,oscar.khan@example.org,India,USD 220.59,3,661.77,2025-02-07,completed,app
Priya Martin,priya.martin@example.net,Australia,USD 44.61,5,223.05,2025-06-12,unknown,web
Jade Patel,jade.patel@example.net,New Zealand,USD 295.92,2,601.84,2025-05-27,completed,store
Farah Smith,farah.smith@example.org,India,USD 351.82,2,703.64,2025-01-31,Completed,app
Emma Taylor,emma.taylor@example.net,India,USD 207.52,7,1452.64,2025-05-22,pending,web
Isaac Patel,isaac.patel@example.org,Singapore,USD 22.56,1,22.56,2025-06-11,cancelled,store
Sofia Lee,sofia.lee@example.com,Germany,USD 299.00,2,598.00,2025-02-28,cancelled,app
Kai Smith,kai.smith@example.net,United Kingdom,USD 209.77,5,1048.85,2025-01-15,pending,web
Quinn Taylor,quinn.taylor@example.net,United Kingdom,USD 133.47,8,1067.76,2025-01-08,pending,store
Kai Lee,kai.lee@example.org,Germany,USD 410.61,10,4106.10,2025-02-11,cancelled,app
Chloe Smith,chloe.smith@example.org,India,USD 70.56,3,211.68,2025-01-09,refunded,store
Hana Khan,hana.khan@example.com,United Kingdom,USD 93.28,2,186.56,2025-06-22,,web
Ravi Silva,ravi.silva@example.net,United Kingdom,USD 158.03,4,632.12,16 Jun 2025,pending,store
Chloe Smith,chloe.smith@example.org,India,USD 77.48,2,154.96,2025-04-29,pending,app
Farah Nguyen,farah.nguyen@example.net,United Kingdom,USD 187.89,8,1503.12,2025-01-01,pending,web
George Wilson,george.wilson@example.org,India,USD 473.87,,947.74,2025-01-11,refunded,store
Quinn Taylor,quinn.taylor@example.net,United Kingdom,USD 454.59,5,2272.95,2025-01-10,cancelled,app
Hana Martin,hana.martin@example.com,United Kingdom,USD 317.15,1,317.15,2025-01-27,refunded,web
Priya Martin,priya.martin@example.net,australia,USD 377.02,9,3393.18,2025-03-21,completed,store
Chloe Wilson,chloe.wilson@example.org,New Zealand,USD 323.35,3,970.05,2025-05-20,cancelled,app
Kai Smith,kai.smith@example.net,United Kingdom,USD 389.47,9,3505.23,2025-02-10,pending,web
Farah Smith, farah.smith@example.org,India,USD 306.98,3,920.94,2025-02-27,cancelled,store
Alice Kumar,alice.kumar@example.com,Australia,USD 334.32,5,1671.60,2025-02-01,refunded,app
Sofia Khan,sofia.khan@example.net,New Zealand,USD 382.79,7,2679.53,2025-02-06,pending,web
Priya Khan,priya.khan@example.com,Canada,USD 47.53,6,285.18,2025-05-17,cancelled,store
Daniel Silva,daniel.silva@example.org,canada ,USD 236.15,5,1180.75,2025-01-14,pending,app
Marco Wilson,marco.wilson@example.org,Germany,USD 223.45,7,1564.15,2025-01-30,cancelled,web
  daniel lee,daniel.lee@example.com,India,USD 491.45,9,4423.05,2025-04-05,pending,store
Isaac Smith,isaac.smith@example.com,United States,USD 387.80,8,3102.40,2025-03-01,refunded,app
Lena Chen,lena.chen@example.net,United States,USD 296.58,-1,2372.64,2025-05-04,cancelled,web
Isaac Silva,isaac.silva@example.net,India,USD 132.10,10,1321.00,2025-06-19,pending,store
Priya Martin,priya.martin@example.net,Australia,USD 378.13,1,378.13,2025-06-06,cancelled,app
Marco Smith,marco.smith@example.org,India,USD 420.14,6,2520.84,2025-01-13, pending,web
Hana Lee,hana.lee@example.com,Canada,USD 225.20,5,1126.00,2025-06-12,refunded,store
Lena Wilson,lena.wilson@example.org,Singapore,USD 310.25,6,,2025-03-23,refunded,app
Alice  Nguyen,alice.nguyen@example.net,United States,USD 44.81,7,313.67,2025-02-15,completed,web
Farah Nguyen,farah.nguyen@example.net,United Kingdom,USD 406.63,7,2846.41,2025-03-05,refunded,store
Kai Khan,kai.khan@example.com,India,USD 72.00,1,72.00,2025-05-03,cancelled,app
Marco Patel,marco.patel@example.org,,USD 370.33,7,2592.31,2025-04-09,completed,web
Kai Khan,kai.khan@example.com,India,USD 227.02,0,908.08,2025-02-21,pending,store
Quinn Wilson,quinn.wilson@example.com,Singapore,USD 46.17,1,46.17,2025-01-09,,app
Oscar Wilson,oscar.wilson@example.com,New Zealand,USD 337.04,9,3033.36,2025-04-10,completed,web
Isaac Patel,isaac.patel@example.org,Singapore,USD 45.16,9,406.44,2025-04-18,pending,store
Tom Singh,tom.singh@example.org,Germany,USD 127.85,7,894.95,2025-03-23,cancelled,app
Chloe Khan,chloe.khan@example.org,United States,USD 289.46,2,578.92,2025-03-01,lost,web
Emma Walker,emma.walker@example.org,Canada,USD 104.71,7,732.97,2025-02-15,cancelled,store
Kai Taylor,kai.taylor@example.org,India,USD 267.31,8,2138.48,2025-05-06,pending,app
George Wilson,GEORGE.WILSON@EXAMPLE.ORG,India,USD 159.24,3,477.72,2025-03-05,pending,web
Kai Taylor,kai.taylor@example.org,India,USD 157.63,2,315.26,2025-06-19,pending,store
Isaac Smith,isaac.smith@example.com,United States,USD 359.12,7,2513.84,2025-01-22,pending,app
Oscar Khan,oscar.khan@example.org,India,USD 494.54,9,4450.86,2025-01-04,pending,web
Farah Silva,farah.silva@example.com,Australia,USD 141.05,7,987.35,2025-01-06,completed,store
Chloe Walker,chloe.walker@example.net,Singapore,USD 386.81,10,3868.10,2025-01-02,cancelled,app
Sofia Taylor,sofia.taylor@example.net,United Kingdom,USD 342.95,9,3086.55,2025-05-10,cancelled,web
ravi chen   ,ravi.chen@example.org,United States,USD 172.78,4,691.12,2025-05-10,refunded,store
Ravi Chen,ravi.chen@example.org,United States,USD 77.50,7,542.50,2025-05-06,pending,app
Farah Smith,farah.smith@example.org,India,USD 376.22,9,3385.98,2025-05-29,refunded,web
Farah Silva,farah.silva@example.com,Australia,USD 411.74,7,2882.18,2025-03-03,cancelled,store
Marco Patel,marco.patel@example.org,United States,USD 208.14,3,624.42,2025-02-17,pending,app
Daniel Lee,daniel.lee@EXAMPLE.COM,India,USD 46.84,4,187.36,2025-04-27,pending,web
Hana Lee,hana.lee@example.com,Canada,USD 325.26,8,2602.08,2025-06-11,CANCELLED ,store
Oscar Khan,oscar.khan@example.org,India,,8,3940.64,2025-06-09,refunded,app
Chloe Walker,chloe.walker@example.net,Singapore,USD 260.77,4,1043.08,2025-04-17,,web
Jade Patel,jade.patel@example.net,New Zealand,USD 253.37,9,2280.33,2025-03-22,pending,store
Isaac Patel,isaac.patel@example.org,Singapore,USD 196.26,8,1570.08,2025-01-10,pending,app
Ravi Patel,ravi.patel.example.org,India,USD 277.03,7,1939.21,2025-05-07,cancelled,web
Oscar Wilson,oscar.wilson@example.com,Atlantis,USD 239.71,5,1198.55,2025-01-02,completed,store
Quinn Taylor,quinn.taylor@example.net,United Kingdom,USD 378.66,9,3407.94,2025-03-01,completed,app
Marco Smith,marco.smith@example.org,India,USD 442.89,2,885.78,2025-02-16,cancelled,web
Sofia Lee,sofia.lee@example.com,Germany,USD 385.08,8,3080.64,2025-03-05,refunded,store
Ravi Khan,ravi.khan@example.net,Canada,USD 375.77,1,375.77,2025-06-29,refunded,app
Farah Silva,farah.silva@example.com,Australia,USD 411.74,7,2882.18,2025-03-03,cancelled,store
Sofia Lee,sofia.lee@example.com,Germany,USD 155.80,7,1090.60,2025-03-21,cancelled,web
Emma Walker,emma.walker@example.org,Canada,USD 402.18,7,2815.26,2025-01-02,completed,store
Hana Khan,hana.khan@example.com,United Kingdom,USD 459.82,4,1839.28,2025-03-05,completed,app
Emma Walker,emma.walker@example.org,Canada,USD 400.39,1,400.39,2025-03-26,refunded,web
Kai Smith,kai.smith@example.net,United Kingdom,USD 400.54,1,400.54,2025-06-19,completed,store
Kai Khan,kai.khan@example.com,India,USD 497.84,5,2489.20,2025-01-12,completed,app
Priya Martin,priya.martin@example.net,Australia,USD 378.13,1,378.13,2025-06-06,cancelled,app
Tom Singh,tom.singh@example.org,Germany,USD 111.50,1,111.50,2025-01-13,refunded,web
 isaac BROWN,isaac.brown@example.com,New Zealand,USD 16.73,5,83.65,2025-06-20,cancelled,store
Priya Martin,priya.martin@example.net,Australia,USD 381.52,2,763.04,2025-06-04,refunded,app
Sofia Taylor,sofia.taylor@example.net,United Kingdom,USD 174.12,6,1044.72,2025-02-28,completed,web
Ben Lee,ben.lee@example.com,United States,USD 109.47,5,547.35,2025-03-02,refunded,store
Sofia Taylor,sofia.taylor@example.net,United Kingdom,USD 5.33,9,47.97,2025-01-29,pending,app
DANIEL LEE ,daniel.lee@example.com,India,USD 28.86,9,259.74,2025-03-24,refunded,web
Daniel Lee,daniel.lee@example.com,India,USD 464.46,1,464.46,2025-06-30,cancelled,store
Alice Nguyen,alice.nguyen@example.net,United States,USD 118.46,7,829.22,2025-01-04,refunded,app
Chloe Walker,chloe.walker@example.net,Singapore,abc,6,553.86,2025-05-11,refunded,web
Hana Martin,hana.martin@example.com,United Kingdom,USD 417.33,4,1669.32,2025-06-20,pending,store
Nina Patel,nina.patel@example.com,United Kingdom,USD 354.33,2,708.66,2025-04-13,completed,app
Ravi Chen,ravi.chen@example.org,United States,USD 354.42,1,354.42,2025-06-14,completed,web
Daniel Lee,daniel.lee@example.com,India,USD 15.52,5,77.60,2025-02-23,pending,store
George Rossi,george.rossi@example.org,Narnia,USD 287.84,3,863.52,2025-04-07,pending,app
Alice Nguyen,alice.nguyen@example.net,United States,USD 241.11,5,1205.55,,completed,web
Jade Chen,jade.chen@example.com,Singapore,USD 222.69,1,232.69,2025-04-12,refunded,store
Chloe Wilson,chloe.wilson@,New Zealand,USD 237.29,1,237.29,2025-05-27,pending,app
Chloe Smith,chloe.smith@example.org,India,USD 288.53,3,865.59,2025-06-23,refunded,web
Tom Smith,tom.smith@example.org,United Kingdom,USD 109.65,1,109.65,2025-02-10,refunded,store
Hana Martin,hana.martin@example.com,United Kingdom,USD 343.21,10,3432.10,2025-03-25,cancelled,app
Jade Patel,jade.patel@example.net,New Zealand,USD 36.59,4,146.36,2025-05-20,pending,web
Quinn Taylor,quinn.taylor@example.net,United Kingdom,USD 138.08,1,138.08,2025-06-15,completed,store
Sofia Lee,sofia.lee@example.com,Germany,USD 239.86,7,1679.02,2025-04-18,pending,app
Chloe Khan,chloe.khan@example.org,United States,USD 402.22,10,4022.20,2025-02-18,cancelled,web
Chloe Wilson,chloe.wilson@example.org,New Zealand,USD 323.71,8,2589.68,"March 16, 2025",cancelled,store
Chloe Smith,chloe.smith@example.org,India,USD 435.94,2,871.88,2025-02-07,completed,app
Isaac Smith,isaac.smith@example.com,United States,USD 201.42,4,805.68,2025-03-29,completed,web
Priya Martin,priya.martin@example.net,Australia,USD 472.36,5,2361.80,2025-04-10,refunded,store
Lena Wilson,,Singapore,USD 454.12,2,908.24,2025-05-30,pending,app
Lena Wilson,lena.wilson@example.org,Singapore,USD 447.00,10,4470.00,2025-06-22,cancelled,web
Sofia Lee,sofia.lee@example.com,Germany,USD 54.13,6,324.78,2025-05-29,pending,store
Marco Taylor,marco.taylor@example.net,Australia,USD 385.82,10,3858.20,2025-06-01,refunded,app
Emma Walker,emma.walker@example.org,Canada,USD 227.04,8,1816.32,2025-04-13,pending,web
Sofia Khan,sofia.khan@example.net,New Zealand,USD 254.52,2,509.04,2025-06-03,cancelled,store
Tom Smith,tom.smith@example.org,United Kingdom,USD 443.96,7,3107.72,2025-02-28,refunded,app
Lena Wilson,lena.wilson@example.org, Singapore ,USD 102.28,10,1022.80,2025-05-30,completed,web
Oscar Khan,oscar.khan@example.org,India,USD 473.74,4,1894.96,2025-06-15,pending,store
Emma Walker,emma.walker@example.org,Canada,USD 227.04,8,1816.32,2025-04-13,pending,web
Oscar Wilson,oscar.wilson@example.com,New Zealand,USD 404.96,7,2834.72,2025-03-23,cancelled,app
Marco Patel,marco.patel@example.org,United States,USD 342.40,6,2054.40,2025-06-13,refunded,web
Ravi Chen,ravi.chen@example.org,United States,USD 295.57,7,2068.99,2025-04-06,completed,store
Isaac Patel,ISAAC.PATEL@EXAMPLE.ORG,Singapore,USD 45.16,9,406.44,2025-04-18,pending,store
Sofia Taylor,sofia.taylor@example.net,United Kingdom,USD 401.31,7,2809.17,2025-05-28,refunded,app
Sofia Lee,sofia.lee@example.com,Germany,USD 439.99,7,3079.93,2025-04-08,pending,web
,tom.singh@example.org,Germany,USD 290.85,7,2035.95,2025-02-11,completed,store
Kai Khan,kai.khan@example.com,India,ten,3,464.22,2025-02-18,pending,app
George Rossi,george.rossi@example.org,Singapore,,7,2562.00,2025-01-31,completed,web
Isaac Silva,isaac.silva@example.net,India,USD 412.37,4,1649.48,2025-06-18,pending,store
Marco Patel,marco.patel@example.org,United States,USD 413.70,4,1654.80,2025-02-23,completed,app
Kai Lee,kai.lee@example.org,Germany,USD 131.96,5,659.80,2025-01-19,pending,web
Isaac Smith,isaac.smith@EXAMPLE.COM,United States,USD 359.12,7,2513.84,2025-01-22,pending,app
Kai Smith,kai.smith@example.net,United Kingdom,USD 35.07,9,315.63,2025-02-19,refunded,store
Isaac Brown,isaac.brown@example.com,New Zealand,USD 21.59,6,129.54,2025-04-12,refunded,app
Sofia Taylor,Sofia.Taylor@example.net,United Kingdom,USD 174.12,6,1044.72,2025-02-28,completed,web
Oscar Khan,oscar.khan@example.org,,USD 172.73,6,1036.38,2025-05-24,refunded,web
George Martin,george.martin@example.net,New Zealand,USD 242.08,3,726.24,2025-03-21,cancelled,store
Marco Taylor,marco.taylor@example.net,Australia,USD 413.89,7,2897.23,2025-02-27, Pending ,app
Hana Lee,hana.lee@example.com,Canada,USD 244.87,5,1224.35,2025-05-30,refunded,web
Chloe Smith,chloe.smith@example.org,India,USD 231.72,1,231.72,2025-01-29,pending,store
George Rossi,george.rossi@example.org,Singapore,USD 202.68,2,405.36,2025-03-03,refunded,app
Marco Taylor,marco.taylor@example.net,Australia,USD 182.60,6,1095.60,2025-06-30,refunded,web
Ravi Chen,ravi.chen@example.org,United States,USD 295.57,7,2068.99,2025-04-06,completed,store
Kai Lee,kai.lee@example.org,Germany,USD 237.22,3,711.66,2025-03-28,refunded,store
Priya Khan, priya.khan@example.com,Canada,USD 47.53,6,285.18,2025-05-17,cancelled,store
Priya Khan,priya.khan@example.com,Canada,USD 193.77,1,193.77,2025-01-05,cancelled,app
Sofia Taylor,sofia.taylor@example.net,United Kingdom,USD 5.33,9,47.97,2025-01-29,pending,app
Daniel Silva,daniel.silva@example.org,Canada,USD 369.54,9,3325.86,2025-05-24,cancelled,web
Kai Taylor,kai.taylor@example.org,India,USD 374.81,9,,2025-05-06,pending,store
Hana Khan,hana.khan@example.com,UNITED KINGDOM,USD 173.78,7,1216.46,2025-06-29,completed,app
George Wilson,george.wilson@example.org,India,USD 392.19,6,2353.14,2025-06-10,pending,web
Hana Lee,hana.lee@example.com,Canada,USD 23.69,3,71.07,2025-05-13,cancelled,store
Sofia Lee,sofia.lee@example.com,Germany,USD 91.38,7,639.66,2025-02-19,completed,app
Marco Patel,marco.patel@example.org,United States,USD 113.31,2,226.62,2025-05-12,completed,web
Hana Lee,hana.lee@example.com,Canada,USD 39.17,6,235.02,2025-04-18,completed,store
Lena Chen,Lena.Chen@example.net,United States,USD 150.31,7,1052.17,2025-02-08,refunded,app
Hana Lee,hana.lee@example.com,Canada,USD 39.17,6,235.02,2025-04-18,completed,store
Hana Lee,hana.lee@example.com,Canada,USD 98.80,2,197.60,2025-03-25,pending,web
Marco Smith,marco.smith@example.org,India,USD 211.27,7,1478.89,2025-04-20,pending,store
Ravi Silva,ravi.silva@example.net,United Kingdom,USD 334.31,9,3008.79,2025-04-18,cancelled,app
Marco Patel,marco.patel@example.org,United States,USD 98.10,1,98.10,2025-06-17,cancelled,web
Kai Smith,kai.smith@example.net,United Kingdom,USD 35.07,9,315.63,2025-02-19,refunded,store
Isaac Silva,isaac.silva@example.net,India,USD 129.00,6,774.00,2025-03-11,refunded,store
Chloe Wilson,chloe.wilson@example.org,New Zealand,USD 49.89,8,399.12,15 Mar 2025,refunded,app
Hana Lee, Hana.Lee@EXAMPLE.COM ,Canada,USD 98.80,2,197.60,2025-03-25,pending,web
Priya Martin,priya.martin@example.net,Australia,USD 222.53,5,1112.65,2025-05-22,completed,web
Alice Kumar,alice.kumar@example.com,Australia,USD 469.97,8,3759.76,2025-01-04,cancelled,store
Emma Khan,emma.khan@example.net,Canada,USD 436.05,7,3052.35,2025-04-25,completed,app
Tom Singh,tom.singh@example.org,Germany,USD 98.18,10,981.80,2025-06-10,completed,web
Marco Smith,marco.smith@example.org,India,USD 211.27,7,1478.89,2025-04-20,pending,store
Chloe Walker,chloe.walker@example.net,Singapore,USD 210.87,4,843.48,2025-01-06,completed,store
Marco Patel,marco.patel@example.org ,United States,USD 98.10,1,98.10,2025-06-17,cancelled,web
